{"cameraMode":{"drawMode":0,"name":"Shaded","section":"Shading Mode"},"sceneLighting":false,"audioPlay":false,"sceneViewState":{"m_AlwaysRefresh":false,"showFog":true,"showSkybox":false,"showFlares":true,"showImageEffects":true,"showParticleSystems":true,"showVisualEffectGraphs":true,"m_FxEnabled":true},"in2DMode":false,"pivot":{"x":-8.940696716308594e-8,"y":0.019999999552965165,"z":-8.940696716308594e-8},"rotation":{"x":0.1633555144071579,"y":0.5296286344528198,"z":-0.10477752983570099,"w":0.8257294297218323},"size":0.42438170313835146,"orthographic":false}