{"cameraMode":{"drawMode":0,"name":"Shaded","section":"Shading Mode"},"sceneLighting":false,"audioPlay":false,"sceneViewState":{"m_AlwaysRefresh":false,"showFog":true,"showSkybox":false,"showFlares":true,"showImageEffects":true,"showParticleSystems":true,"showVisualEffectGraphs":true,"m_FxEnabled":true},"in2DMode":false,"pivot":{"x":-2.9802322387695315e-8,"y":0.06335020065307617,"z":2.9802322387695315e-8},"rotation":{"x":-0.14178018271923066,"y":0.6104507446289063,"z":-0.11221089214086533,"w":-0.7711538672447205},"size":0.28090623021125796,"orthographic":false}