{"cameraMode":{"drawMode":0,"name":"Shaded","section":"Shading Mode"},"sceneLighting":false,"audioPlay":false,"sceneViewState":{"m_AlwaysRefresh":false,"showFog":true,"showSkybox":false,"showFlares":true,"showImageEffects":true,"showParticleSystems":true,"showVisualEffectGraphs":true,"m_FxEnabled":true},"in2DMode":false,"pivot":{"x":-0.8867054581642151,"y":1.298802137374878,"z":0.43638765811920168},"rotation":{"x":0.21777278184890748,"y":0.10401801019906998,"z":-0.023358086124062539,"w":0.9701667428016663},"size":0.47811511158943179,"orthographic":false}